optimizer,iteration,total,mechanical,volumetric,dK,dZ,LKG,lF,zeta
BO,19,174.35171532,167.37673,6.97498532,19.189021,19.204,46.7,36.50229,5.0
BO,12,185.00332067000002,178.177071,6.82624967,19.24136,19.257,50.2,36.384521,5.0
BO,1,219.42242290000002,195.790109,23.6323139,19.351768,19.37,46.7,30.786084,5.0
BO,5,221.3520416,204.196722,17.1553196,19.978094,19.996,52.8,36.248719,5.0
BO,9,232.933994,232.933994,0.0,19.430729,19.442,48.8,32.126084,5.0
NSGA-III,17,284.4259101,236.855369,47.5705411,19.860409,19.888,56.4,36.876299,5.0
NSGA-III,12,470.81491,347.141211,123.673699,19.860409,19.888,56.4,36.876299,5.0
NSGA-III,2,470.95744,347.276836,123.680604,19.860409,19.888,56.4,36.876299,5.0
NSGA-III,1,471.01173900000003,347.361776,123.649963,19.860409,19.888,56.4,36.876299,5.0
NSGA-III,11,471.01173900000003,347.361776,123.649963,19.860409,19.888,56.4,36.876299,5.0
